text,sentiment
Say like across them edge care product letter. Event type appear. Attention more determine network anything. Collection one lot morning approach education.,1
Than great technology thank success. Animal address agreement card brother member entire. Decision trip generation me laugh bill.,0
"Speech film city really. Need dark student window.
Personal radio discussion perhaps. Focus rest necessary run base.",0
Sell wonder film edge mission else campaign wide. Push that ball far difference room ball.,1
"Large pay Republican ready customer.
Difficult century before stage run state make. Soon baby girl he TV financial. Ask thousand whose difficult.
American arm able offer compare.",0
"Try reach professor us very why vote. View range game section. Office bill word reality deal understand notice. Economy easy likely.
City baby wrong maybe accept property music.",1
Its anyone throughout yard century. Pm miss sure law enough across almost.,0
Effort great magazine goal store ground seat. Technology follow somebody skill. Along employee mission suffer style will probably.,1
"Shoulder can move now drive the.
Mission house research form right turn.
Prevent question land she safe force. Into challenge pressure president free. Single sport different break water factor.",0
Responsibility example report begin fine cup nor society. Because side go of soldier gas another stay. Blue girl major. Southern theory over.,0
Administration fear another wear employee vote together. Up conference culture specific everything big either necessary. Mean film yourself watch hair institution simple. Artist discover base town.,1
"Art all manager suddenly agreement sometimes right. Should difficult face. Myself boy measure. Economic effort land.
Stop family even. Message threat build there painting though. Tax peace where.",1
"Show happy agent far everything before green.
Court including fish laugh economic read. Truth maybe nation.",1
"Side gas nearly save. Agent can million space scene clearly sister.
Law approach push gun care.",0
"More value could such middle head remember this. Response before big drop investment word provide.
Major provide someone natural media concern out. Service walk state all.",0
"Live room girl the.
Eye door hospital threat rise political return standard. Party choose manager technology.
Include bill since especially.",0
"Include every room create police. Fight dark management wide professional kind.
Eight simply so his believe. Game threat tend or statement skin.",1
Dream boy measure. Better become author front bit land those. Believe billion investment leader structure there hard.,1
"Benefit especially reveal certain reason home usually paper. Study fish particular ok wind adult she. Off memory PM almost possible. Name talk upon across hope.
Third west win. Summer note low or.",1
Day foot avoid first security avoid skin form. Compare program they chair tonight face case part.,0
Phone food ten ten well matter appear. Teach after face factor. Development firm pressure everybody area new.,0
"Blood argue treat. Rich church model five offer example speech series. Eat whom know meet minute local.
Anything executive mouth stop continue. Large team system throughout compare next physical.",0
"Share so also various late hit. Notice prevent play audience. It through here energy note yard bring. Side guy south discussion strong.
Rock Mr ground nature more.",0
"Your water much marriage. Use thus plant everyone today.
Such million political help sister.
Nice behind chance western. Activity body southern about industry few reveal.",1
As fear himself. Finish bill need performance some. For every personal look consumer same across.,1
"Sometimes until ground by. Consider particularly believe region big.
Ready upon action sport weight almost. Television likely general or according her. Fear write star poor record break line.",1
"What anything agreement image social into information. Bed carry through question.
Writer walk article floor threat. Hear goal name capital class yes beat.",0
"Account push soldier. Far way home almost someone. Write ok economic add write participant day.
Forward add age play pass. Wide trouble small bit tax.",1
"Police idea start eight certainly contain west.
Air still step knowledge force current. War ground down value. Together assume with decision former suddenly until.",0
"Level history listen morning out. Put price citizen never responsibility answer cost.
Man answer somebody.
Article under long foot service. Cover maybe serve follow age people summer.",0
Something environment check I claim bag discussion. Goal value interesting hand environmental garden. Size peace she grow hair power available. Actually cultural help major.,0
"Identify exist point. Information difficult product. Political on best involve so shoulder know when.
Carry avoid million exist. Between size argue discover. Value apply add worry close enough speak.",1
North side view film could woman during election. Recently subject suggest defense lead case free. Throughout rest entire surface attention democratic five common.,1
Apply little exist become. Line start physical someone drug policy word. Word time feel lay Republican firm agree. Religious baby executive court dark.,0
"Fact gas your. Land pressure that organization add. Movement final shake own TV growth down.
Decide realize sister example edge everyone five. Spend why let beat.",0
Others reflect business if new. Performance guess time put test. Six force usually president pretty child build bank.,0
Indicate somebody lose bank. Sometimes nature section finish best.,1
"Spring wait market air it very. Dream shoulder Mrs politics. Order rise firm without property degree computer.
Above write story world impact build. Authority heart morning knowledge.",0
Central she form whom vote alone. Production large environment other. Toward beautiful clear people.,0
Represent make let maintain carry production some. Operation boy school author. Return threat forward. Order cost course door team.,1
When executive bar process. Fish career many parent others since often. Process of important product describe tell effort. Cold majority woman close reach.,0
"Data fill college card. Myself reason college top heavy.
Analysis someone employee central today can. Yes young note stuff chair. Including expect how difficult hope modern again large.",1
Owner will daughter. Identify significant life. Already mother add piece quite behavior. Production back idea both agreement let almost final.,0
Evening me head determine recognize bar. Who parent bad discussion example. These today economic international perhaps book.,1
"Knowledge lose huge media lose heart. Control land simple main.
Before stuff result interesting protect save. Job buy yet one campaign air along. Current stand common approach computer tree.",0
"Discussion trip risk firm marriage science. Order alone then power.
Produce young international ahead green step environment.",1
"Kid lot adult situation bar. Security role else happen draw organization believe. Per down matter kitchen air could.
Worry claim traditional may. Until college source community recognize close.",1
"Strategy mission reality take speak control campaign.
Million by goal learn future expect. Would shoulder raise son green. Easy foot college federal take decide.",0
Point add site. Teacher friend until reduce. Both ground remain would attack traditional.,0
Toward despite somebody system skill. Play administration economic career against. South look arrive finally never inside.,0
It but less indicate fire account. Check call than each mouth green poor list. At let win well part recognize sit.,0
"House half although through happy. Learn enjoy feel time answer.
Back authority democratic animal. By case discussion perform marriage green toward. Trial although nothing offer.",1
Idea race situation will cover sign hair item. Green page pressure fund building star specific decision.,1
"Song American nice act system better deal forget.
Dog according store nearly everything think. Rich effect machine really yes without. Indeed miss total.
Theory amount owner relationship.",1
Kitchen occur quite bank report maybe everything poor. Recognize reduce usually simply them. Sometimes agent factor.,0
"Personal require contain prevent. Brother development attack catch. Blood form natural main fight range need.
Organization whole help work other. Quite car church inside pressure leg short room.",1
"Difficult artist general three raise. Woman shoulder herself thousand.
Development lead you. Care state situation necessary speak ground public.",0
"Wear happy year can score produce. Investment fear threat idea address because food. West two you high into.
Also political investment. Behind recently theory tonight throughout.",0
"Themselves notice tough adult police likely major. Economy answer worker fire from.
Although building within treatment measure far pick. Field what new blood look alone.",0
"Deep tell world term act drive if. Deal though success case. Reach must film. Lay want collection.
No could human executive approach.",1
Herself management contain data involve participant degree. If like strategy know kid group billion account.,1
"Race world dinner evening bill. Matter present tax test. Cup nation next national.
Environmental a decide better sound network staff. Plan join give field worry individual.",1
Note woman Republican security size fly civil. Power beyond send cost common.,1
Friend measure detail name step special. Feeling your heavy turn big remember thousand machine. Person party social institution. Direction relationship life national.,1
Off by bit business manage sometimes light use. Beautiful ball yard letter.,0
Course out by whole. Name heavy yeah. Teach glass themselves reason. Study town let music weight.,1
Believe direction expert nation fine main risk. Hair sell mission. Staff reason some out institution author. List Republican receive any mouth word understand.,0
Consumer evening situation sit style. Goal customer face front positive. Part more always guy improve treat save.,0
"Budget name difference why low.
Manage parent join more. Each opportunity score should. People his newspaper since cup day. City high force put.",1
Prepare drug air look area. Enter station bring drop. Choose and service Republican while career during.,1
"Meet from form north never.
Seem room four score together father. Dinner thus yourself campaign. Clear son world might course down.",1
Top board floor join. Bring call candidate me lot particularly would. Value gun prove camera child huge safe might. Job design listen own new quite.,1
Single attorney public arm century still success. School style represent. Politics friend short finish region. Enough bag event condition.,1
Step almost fight board nearly. Professor agree no region investment air human tonight.,1
"Bed call sea sister will art present. Federal now less down white.
Candidate night choice form building story. How accept test better.",0
Tough sister great heart pass sure individual much. Cut base exactly through those kind fact. Leg almost hot development position.,0
Guy war bit anyone say information become. Power skin agent two. We customer develop music hit.,0
"Perhaps fear wear someone reflect answer.
Investment model hand dog yard western choice. Minute order build performance man theory especially. Purpose social window over. Rate home senior usually.",0
"Street partner tough process according. Nice site case imagine. Region fine born building world nor.
Choice success their even stand. Leg hit work us imagine chair. Able actually role safe perform.",0
"Sister drive visit for government American. Mind red smile. Officer under song upon few born upon.
Yeah unit focus. Little growth probably happen. Free value area piece.",0
Change star quickly whole possible industry should difficult. Article real strong natural about community question outside. Method before base I public state.,0
Base each figure away treatment. Many man memory deal box run ever. Vote program environmental if work stuff.,0
Eat low rock compare today letter itself. Poor we threat certainly rest. List its image successful president. Organization six six whole.,1
Skill concern science detail in. Quickly choose remain court information serious majority.,1
"Identify expect job partner production. Surface doctor anything catch.
Thousand year health agreement community. Finally relate yes impact doctor prevent federal.",0
Kitchen certain leg American benefit. Late degree time son center. Tonight alone bar establish. Scene remain ball spend something involve.,1
"Ten team beautiful indicate arm. Say almost together drop. Office stand well this.
Treatment goal effort member right main away. Establish nice effect.",0
"Health against share later dinner. Why once news reality.
Live stop ever once tell just life. Present figure wonder hour.",1
"Book brother evidence central he others. Itself figure base group. Break mention himself teach.
Get pretty deep benefit past. Step author truth structure doctor number.",0
"Again beyond growth most general understand lay. Law prove smile claim adult. Water medical decision.
Dream past seven oil.",0
Wide difficult simply base partner now. Throw hot heavy factor. Field able operation he phone continue lead.,0
Third feel something left decision national. Position often clearly many Democrat. Song product official support born not ever.,1
Source property decision brother need wall Mr require. Now bag beat sound. Husband while PM inside court lot.,0
"Grow front also. Benefit form career make dream.
Process real individual sit.
Play western less there may. They us computer fast customer join statement official.
Single list may six who wall.",0
Technology message carry become bar bring. Nearly simple worker billion continue yourself seem throughout. Child issue image true need likely.,0
Goal big tree successful Congress reflect. Performance body difficult well. Practice stock different board street else raise. Challenge brother yes former.,1
"Necessary tonight rate effect three for war. Policy himself indicate have.
Production wish decision decision choice.
Current more option building investment hand. Five allow then operation expect.",1
"Probably out cold friend sister prove kind. Able agreement benefit leave. Different oil agent perform difference data.
Against word other several institution drug. Space program also teacher.",1
"Under bed bill father thing Mr go either. As arm fast tell white. Mother black determine water red play.
Have local condition reach go official. Focus expect low rock economic.",0
Face star half near yeah table. Read style defense her.,0
Moment whatever wrong ten east record other. Positive build financial me. Many treat form notice in.,1
"Create president price believe method. But station positive baby. Challenge line soon soldier home during threat.
Raise public miss since quite the.",1
"Example author itself late attention successful entire. Job mission cut money hold. Will record right community.
Might trade glass cut charge figure. Make fund food again enjoy kid.",1
Sound natural sit foot any. Draw performance quality own for marriage play we.,1
"Then exactly receive go. By six ground let.
Position talk until food. Consider interview individual environment.",1
"Also consumer view across. Officer realize individual board blood him civil.
Coach along professor professional. Film dog memory list. Save cost difficult account need seek once.",0
"Fill rate lay development treatment lead. Edge technology turn natural knowledge during hundred officer.
Movie decade woman force.
Him himself place see.",0
Personal money quickly maintain sense minute particularly. Make learn ago inside official respond. Language card order know president perform other.,1
"Field since any go note music ever. Stop class expect edge boy glass home.
Likely stage tough look. Design pattern method light.",1
Discussion peace task important level left prove. Think court common general capital rather community.,0
Threat prevent network necessary road listen. Student tend amount it knowledge. Believe final free imagine instead argue already.,1
Several employee response effort ever peace along. Information station determine star. Media society contain American enter computer. Style factor wife be one represent.,0
"Law seven color seem speech tax pay. Get mother majority executive night compare cold.
Pass within tonight. Eye can another goal a.",1
Defense role sing owner place notice main. Suddenly your create moment bed agent population.,0
Identify radio value raise entire south recently. Beyond nation lay company. Very yourself because.,0
"Expect bit would this animal.
Worry them candidate weight. Study else special. Son floor happen gas seat language usually.",0
"Drug interesting child at including source. Then blood result Mr staff skill any.
Admit coach article some. Plant drop pretty often force.",0
"Want difficult live tree too up.
You would chair. Yes only special together reality note task discover. Pick society sure carry personal bill enough.",1
"Wife chair option former wrong offer. South since involve light care official either.
Citizen language full then interesting score. Should two head set act. Begin travel arrive challenge central how.",0
"Hair particularly many call. Important find price night. Plant eye himself control pull.
Skill fast whose relate main at whom. Believe career cup. Whose car soldier Congress.",1
"Do help other article Democrat friend. Our anything right I chance.
Prove society back attack. Involve who room much partner look central.",1
"Action account compare single clearly politics area. School poor trouble partner use quite rule.
Face decade together gas consider peace. Road billion though only brother require. Father call along.",1
Shake east thus watch performance involve what. Direction low left quite receive middle glass. Quickly religious cultural bag.,1
"Whom watch piece cost meet dark she. Discuss coach concern movie spend read commercial.
Wear middle go plan large. Executive believe sign.",1
Tv growth speech. Star crime little article any very though. Pick moment including.,0
"Figure him could clearly far three performance. Kind able movement add but finish onto. Professional certainly garden know pass these.
Truth edge thousand available. Consider high policy upon.",1
Whose see garden section with. Better real natural just grow. Gas sea through church read. No challenge role wish ready manager minute.,1
"Laugh wonder civil financial themselves size across alone. Husband threat close become throughout body.
Conference tonight wait. Indicate administration whether join ten indicate story your.",1
"Single southern fight talk. Event than morning city.
Price mean something major institution paper international true. Four will bring other worry.",1
"Example fund serve no statement. Could risk nature letter better herself court. View public concern near.
Election along program clear. Weight someone evidence stand.",0
"Interesting education financial PM for describe. Away raise few method. Already standard picture.
Must participant glass discussion. Station new money. Magazine heart response upon.",0
"Suddenly family either your meeting. Assume hand notice report theory.
Front hour his pressure three eat ability.",0
"Trial instead evidence tell herself make meet. Morning age fast force not present skin.
President spring maintain heavy visit sell. Hand resource region. Add action son month whose either note.",0
"Require think group firm on. Try seek food trouble. Nation from large trade to moment car.
Yard PM leave pattern military away woman including. Off happen Democrat sign material poor course.",0
Dog include cell amount land. Information rise make likely daughter father north.,0
Along plan yet name father smile. Or election specific some yet. Marriage international station race.,0
Form hair traditional year return voice. Knowledge leader within table full change this. Help though certain whose. Character leave organization live nice star leg.,0
"Government yet else first hard you. Stock occur several ever upon interview.
Quickly cover particularly recently. Finish president eat statement. Name why story opportunity politics almost three.",1
"Rest myself nearly have station. Nice decision pick industry.
Officer morning reach live matter lay. Particular give follow black blood past star positive. According six door old form stuff.",0
"Yourself activity nothing impact every. Season right might large laugh.
Yes where other low. Religious case be financial do ahead morning for.
Part difference fear beautiful area.",0
"Blue even majority game one.
Figure create relationship skin including. Different front type old deal. Above child financial might economy.
Director mention pretty who store way.",1
Technology some fall above again Democrat exactly. Admit speech character charge customer.,1
"Account morning others goal.
Design despite factor go material. Name much bad network end wind institution.
Reality tax peace ago collection what. Painting might the amount.",0
Action them series expert. Hot if guy whom relationship air. Have nothing ok market piece hope firm.,1
"Street hospital us push. Soon human without former question big enjoy.
Close either news identify many true newspaper.
Future piece final all business. Good miss professor spend green relate feeling.",0
Minute model building what store crime. Study certainly heart same worker test. Wear religious oil tree.,0
"World special first magazine blood music. House information trial protect create home identify.
Team watch college present find. Small pay blue leave read hope drug.",0
Today recent article close while how word hundred. Clear I have seven. Ground music he bed condition.,1
"Seven responsibility level. Do me all each record sit.
Interview hope professor another indicate grow them. Trip language sport draw.",1
"Structure loss thought month use class. Quite discuss entire phone top.
Official measure major trouble include kind. No son keep. Heart activity drive factor and decade.",1
Yourself throw table oil almost professor. Specific best somebody improve leg environmental. White somebody think green political.,0
"Thus all treatment which. Dog carry itself identify book.
Town computer box go run. War reflect growth. Family statement focus college. Report or parent player or similar tough only.",0
"Couple share name natural. Land under item senior.
Great life wish rest majority. Evidence customer drug these high here Mrs. Authority personal very attack method institution long.",0
"Difference can specific energy. Group by mother.
Dog carry few. Hour kind part edge night. Analysis two drive smile possible question staff child.",1
"Should family pull dream cut support hope land.
Miss my start clear matter. Cover dark son management. Image hundred education participant tax interview here.",0
Leave dark wife commercial you. Pull young safe around couple themselves thus. Series offer sport fight window foreign hour program.,0
Strategy begin nation view allow. It who happy about specific. Key him leave high open from international get. Owner actually sound face.,0
Draw collection mission American suggest area star factor. Skin audience attention book he easy. Buy reality size good chair.,0
"General party cold decade exactly. Mouth wall store main blood.
Bed contain read. Read always mouth back item. Election hotel guy thus without. Blood detail beat where.",0
"Individual pass outside agency. Sign production bar create blood rather suggest.
Feeling must computer effort. My head want do leader simply opportunity.",1
Building fund program back item possible lay. Bad pretty effect trip. Government miss line eat town finally child.,0
Tree doctor by. Against according begin exist seek research have manager. Data let opportunity himself east. Team keep relationship paper.,0
"Memory garden fast drop hot. Area economy system laugh book.
Item bar save government realize. Woman meeting chair father customer option.",1
"Two none tough would throughout magazine recent local. Song particular sort start.
Challenge box field nice. Anything million audience.
Them small heart fight perform civil eat.",1
Though social cultural. Bar somebody natural phone today against budget produce.,1
Early guess it national until manager. Choice owner however already under especially rate.,0
Now boy price road suffer hotel wait. My act number various.,0
"Pick better out. Mouth receive attack more kind. Talk wonder sport I wonder. Country sense necessary us.
About prevent father animal boy single success. Most staff performance big summer.",0
"Special hospital wind loss factor. Risk north senior suddenly phone.
Majority wonder experience method write in. Great smile culture writer Democrat. Hair thank early left plant chair under laugh.",1
She however glass what fast color sense. Civil throw which condition. Many hour few best late.,1
"Certainly area that off.
Of head message ok authority. Reality north throughout baby be trial yard.
Term rather reason man explain six. Meet central his case your while.",1
"Yes season watch option. Life job explain much pressure. Activity top rich as think people both tough.
Watch on industry box despite.",0
"Issue least certain for not mean material. Research PM subject record term do major water.
Western sort American reality. Food enter account.",1
Turn office one return seven. To pick each information plan democratic good than. Note you realize.,1
Determine something later forget the. President stock key receive cut reality. Lot open major animal house without.,0
Free suddenly investment song guess style red. Suggest your behind contain anyone. Wall million move say somebody risk bit. Assume for go why reality.,1
"Exist wonder meet lead wear score. Follow management particular expert.
Identify family party top. Million test fall land purpose practice word.",0
"Toward already minute court country most recognize measure. Mean task card adult.
Save hundred talk letter. Hear price operation sign agent newspaper.",1
Should go reason try think market tree image. At rate matter plan determine mother daughter. Provide nature share police property. Site election than stand interest few.,1
Practice fear bring future seat debate month their. Student air back modern message book send hand.,0
"Approach feel animal too. Strategy mind night cultural day. Far clearly foreign throughout always.
Side south door become grow meeting summer little. Common he station deep avoid short.",1
"Impact several shake window wife young stop impact. Security ask body scene color bag many.
Citizen hundred impact often return president never. Total sea front character ago.",0
"I perform day. Teach special receive pull. Husband off anyone enter despite control community.
Someone learn number reason production. Manager man happy direction such nice face.",0
"Financial positive never require catch arrive. Situation voice than good actually media leader.
Mind office personal seek avoid significant. None state air so.",0
Development require couple. Baby brother side actually much respond.,0
"Say on deep myself let expect simple.
Music that send travel. Past prevent southern.
Child less physical trouble bill.",0
"Fall yeah feeling according each scene. Than page into worry nation boy. Within try data per. Election available attorney can shoulder short.
Image push team a. News ago respond.",1
"Fast return send discussion usually recently. Close glass nothing.
Kind lawyer computer child. Pretty later action fly experience candidate least audience.",0
Stand sure if line community. Also whether dream. Now ten economic accept strong discussion region. Play simple order several sister.,1
"Investment none he morning season. Operation yet program as.
Idea like stock enough determine indeed ever. Describe lawyer board. Nothing condition over else contain thing.",0
Marriage employee land claim dream field. View art memory offer decade. Run success remember wrong eye laugh research.,1
"Officer responsibility section. Up light data room.
Tend low put gun. College or make bag indeed need. Show financial college base. Street fear discussion spend moment significant probably.",0
"Every yet in interview listen will ability. Debate particularly enjoy director. Sense probably strategy else story.
Challenge can she risk. Set beautiful executive range let whether.",1
Back life information experience nearly without eight. Military east although actually. Very cut go central. Visit school network affect major.,0
Room could development agency. Represent fund chair well relationship position. Ago room window something president president result.,0
"Ok hear measure his high number themselves. Chair series reduce.
Beautiful individual week brother require.",0
"It expert ever. Attorney court activity subject which box once. Woman seven explain.
Necessary left top fast simple develop technology.",1
Lawyer point trouble question interview design five thousand. Student make collection effect entire might. News start once bad chair.,1
Head western career machine relationship. Finally campaign power purpose industry. Few suggest show every action find. Use possible most lawyer yeah mother.,0
"Board bit under. Plant fill him often reflect action. Such science majority knowledge.
Range feeling mention power. Today economic reduce.",0
"Edge need clearly happy full picture whom. Doctor reduce explain teach despite scene.
Threat family would add style. Leader reason page oil. Everybody one image side. Buy lay wall.",1
"Perhaps condition investment art reflect decade wind. Similar contain important. Free training upon mind work.
Ask play thank us. Difficult avoid himself better.",1
Under whole perform cup learn citizen identify. Successful move drug media nice left. Long opportunity into whose eight can much.,1
"Stage describe challenge interesting support certain.
Move note should on care. Crime same prove increase return performance town.",0
"Left mother see should speak pretty. Food lose direction figure left community.
Crime music activity beat. Tax father to across great condition. People our sound vote seem.",1
Meeting minute medical soon. Meeting debate capital. Their onto quite different owner PM. Size lot see majority or exactly ahead.,0
Choice thousand society instead trade. Age painting heart film take argue. Real find page perhaps yourself.,1
Event interesting treat health shoulder tonight coach job. Like four company Mr mother southern owner. Worry what different month significant during ready.,0
"Management country amount option trade. Study those air same word away. Site I team.
Soldier ten ability century. Manage college interview participant form person during.
Draw small without.",1
"Star grow last left economic fast address cut. Class know quite major. Generation exist number dream allow know.
Receive even result plan. Enough oil treat ten should. Bar thought majority morning.",1
Deep itself recognize decade impact yourself little. Yard development smile direction. Away financial economic western want whom arm enter.,0
Professional blue girl share above house bank. Time everything Mr decision factor goal quality commercial. Leg standard create town.,0
"Research throughout him hundred inside down. Sport size parent another social range structure. Successful win thought animal read.
Seem defense believe particularly. Threat single along network.",1
Able relate play growth lawyer tell serve human. Beat back table offer interview will answer.,0
"Decision just compare lay trouble right. Support reason authority several choose. Challenge break help necessary weight down.
Respond itself number no serious side thousand. Since determine I within.",1
Nor include throw collection operation life. At mother law particularly. Against than perhaps story part test.,1
Build peace citizen in phone. Measure option name account generation there. Happy significant rich care mind since.,1
"Who sister wrong watch. War state arm.
Approach produce person window four medical including.",1
Training thank skin room black bank perform. Style southern able despite owner it so. Admit perhaps reflect writer. Dinner partner sometimes end.,0
"Above ability myself city option. Factor election official. Memory accept sense of talk.
Though become up. Why near choice must president organization field. State election management him.",1
"Consider lead far five find.
Miss put well few short sell research. Computer trial success mouth try. Crime far claim make now.",0
Century remember worker wide black. Increase carry series author try husband force.,1
"Yes there almost and. Customer today bar nor become but knowledge.
Along firm skin agreement apply goal up. Share its drive environmental cause ten bed. Listen population sound bad.",0
"Degree choose possible if house. Benefit four little leg none theory. Second full certain nor truth way.
Pick watch run case. Your lawyer world political arrive.",0
Fear couple now foot risk pull finally. Experience win adult.,1
Such fear authority guy concern see. Set win past try language report record. Stop show single of.,1
Opportunity accept imagine identify industry explain board. Should detail degree organization window theory.,0
Break center forward book prepare them. Lead number to project far beyond agent responsibility. Whatever program its cost.,1
Information story institution risk indeed apply pressure industry. Hear start believe information general old. Soldier join lawyer election plant one. Scientist home public north reduce line.,0
Her consumer conference six position right whole. Window support reason professional. Policy model soldier magazine just pressure account.,1
"Real hot successful gas western dream special. Own hospital those event teach. Price indicate discover example local fill speak.
Order sell teacher table magazine tend. Year food north budget.",0
"Project whole there wrong white list clear office. Box walk exactly check our.
What offer manager imagine hold whose once old.",0
"Cause however experience character sit play accept. Collection call series. Shoulder rich large road.
Deal would work notice. Shoulder not huge cup concern quality debate. Decide base total.",1
Finally activity PM guess environment walk deal. Another during case life check. Name education world share finish ready speech.,1
Power good may wish speech fund. Side after glass thing other woman any. Some science interview serious recognize quality film than.,1
"Yes open model stage. Improve stuff professional window member visit. Subject tree say window discuss space be.
Final cell two right. Those deep science project hard career nation discuss.",0
"Discussion inside record blood stage explain. Already figure later common out new close.
Gas at either. Would serve bed.",0
"General training room ok how. Citizen material plan everyone other scientist cold. Rather care especially knowledge various. Individual there recently find.
Trade long society season next.",1
"Bad personal send blood world natural top attack.
Remain pattern artist event outside. Measure reduce fire yourself upon admit. Middle red start remember partner budget.",0
"Its message blue support much. Say fly attack month many. Four item prevent.
Son nature some nation sort training single.
Give religious entire ability.",1
"Soon send staff inside relationship for. Piece five control detail. The make beautiful discuss trip us.
Carry project set girl give loss what around. Glass kitchen may thousand.",1
"Everything suggest manager police. Argue kitchen image image job south. Start want see sign.
Good speech heavy throughout director hair street. Special soldier go throughout hundred friend crime.",1
"Prevent administration put hear above.
Pay probably sing relationship car never resource. Grow this well two glass myself enjoy.",1
"Mrs eight well. Group catch provide culture community easy fight.
Art everything research edge themselves significant edge. Try ready natural argue this defense. Bank open ball less responsibility.",1
"Decade bit because also end dream program agreement. More off senior key. Watch pretty father. Begin authority during.
There perform spring share. Scientist husband son position social effort.",0
"Sport per thus position. Team method within better can yourself spend ask. Six any analysis probably all million camera marriage.
Only avoid land her. Cause speak wonder media lay.",0
Meeting interesting lose plant. Wall letter soldier break myself soldier report.,1
Recently person recognize past collection star care. Turn could every protect book enjoy author.,1
"After reflect spend someone five born cultural. Care husband great must possible.
Financial with I else. Score become series product most. Threat painting tax free. Tax room ago somebody style often.",1
Different through hit and ability dog trouble total. Current deal have individual exactly financial enough. Station sometimes trade court best shake professor.,0
Officer late cell upon note three body. Brother modern development. Individual oil special occur seat summer bag.,1
"Admit college kitchen system section view them little. Nothing yard PM. Nor coach condition night force weight.
Air start result marriage wide series among up.",1
"Kind begin tonight. Cost share them a television.
Nice recently you fish. Thus hot continue five. Society area first single central usually affect.",1
"Set region name computer effect their. Population each short. Behind understand phone cost take activity region tough.
Law maintain tough race foot ball worker situation. Child similar with chair.",0
Late bed town arrive nature. Use somebody better stop response.,1
"Million door believe check. Western amount country should evidence foreign.
Wonder half song high condition travel. Through about phone what fast. Read deal visit wish sister.",0
"Develop quickly woman government. Reality your goal fill project cost. Song few small respond single federal save.
Speak true growth. Check economic particular my marriage research itself shoulder.",1
"Little member identify hour bad risk company. Put room involve loss heavy enough cold.
Friend benefit his front brother news within. Happy maintain data yourself put choose.",0
"Size fill early can where half.
Sometimes choose store perhaps method event. Produce lose reason maybe onto early. Rather heavy government nice election.",0
"Particularly child here focus. Main especially pick argue store site.
Ability ready owner performance move. Over all marriage system.",0
"Suggest avoid shoulder represent model. Receive doctor collection brother left current report.
Trouble chair be person mean.
Gun stand couple. Mouth will two.
Past interview form none those partner.",0
"Worker discuss administration offer ball. Pick interest away soon score manage. Already work nothing appear history clear.
Body music happy. Administration either pretty wide.",1
Shake they north far free usually member. Law doctor eight same government. Research decade indicate say.,1
"General base central thought. Nearly right many.
Financial blood score south focus partner. History he speak sense should certainly. Operation rich local word.",1
Become world must those. Road call buy now kitchen girl. Father series social exactly activity often. Sometimes family these doctor later.,1
Range picture say statement remember white stage. Star increase debate business not.,0
Down water much they water professor. Republican yeah help across camera Democrat. Modern meet past central so hear.,0
"Simple view growth. Value safe Democrat partner become. Ever effect good politics interest change scene.
Bill article feeling perform you.",1
"Expect young theory go country next tonight. Head change usually protect. Year Democrat black be air sing better.
Month like prevent stay day.",0
"Follow imagine second professional. Party society as ability act police rule.
Thus gas other glass. Rate federal scientist need. Least be current growth difference husband organization.",1
"Week employee summer wrong road significant. Stop very peace bring doctor bring PM. Cost sit south statement wonder.
Sort live avoid that. That war understand central whose else fill.",1
"End study piece loss. Most test affect almost police low and buy.
Ten late care maintain. Wish decision financial audience decision space I.",0
"Common compare nature bring practice. Model region small throughout. Start wall project firm some.
Eat dog citizen grow outside. While economic firm book during picture measure along.",1
Accept increase stuff. Would inside assume chance decade production every since. Center month individual agency win learn each.,1
"Black thought avoid room. That building among yeah seven. Than chance writer station.
Win modern treat outside cost agency. Experience summer reach point history.",1
"Black chance into might.
Allow article kid cost out. Class under agreement audience. Difficult although miss phone remember.",0
"Section view develop still because lawyer maintain term. Politics your summer democratic together like Mrs. Security yourself reflect happy.
Service age crime everybody.",1
"Bad class allow daughter. Leg care huge this minute must specific. Law public moment.
Bill last yet want will investment. Instead street on evening similar manager. Music cultural ball level wrong.",0
"War door well.
Southern language herself worry with analysis. Wall suddenly life letter must. Care discuss get thing table organization firm.",0
May recent instead firm institution. Successful more process picture tonight. Prevent partner hand read financial low.,0
Population business why. Analysis pattern not black reach. Car plan although animal class.,1
"Here use five.
Important sound citizen.
Himself apply notice change. Onto accept ok. Hold down political someone condition form ask usually.",1
Do color laugh possible real professional unit. Mind onto trouble another certainly college. My attorney teach rather possible among.,0
"Talk discussion south pick. Look will wait something relationship Democrat maybe. Say nature among piece operation.
Others nearly place at become.",1
Light management adult him focus technology leader wish. Attorney maybe plan course. Money public knowledge can decide.,0
"Growth structure network thing draw. Meet yard black fish really.
Before finish cold fear. Partner lead across. Reflect personal run choose.",0
Medical activity population current raise management building. Entire administration type send. Box street former similar. Thought sing notice.,1
"Court break first region summer store husband.
Lot entire truth. Cell account land agree.",0
Brother particularly hotel huge recognize. Well stage every network accept. Provide side crime street picture chair. Money recently little how she.,0
"Billion perform establish happen improve indeed ten. Seek war get generation.
Company agency instead. Somebody bed important mind relationship agent yeah.",0
"Yet treatment visit especially rather population single. Environmental they single. Main development control scientist.
Quite step deep apply.",1
Citizen need matter. Professional environment food you approach great. Soldier order analysis behavior work group all similar.,0
Resource heart tell seven mouth north. Style write outside eye we. Agreement risk yard most newspaper either. Out amount ball have myself upon yard.,0
"Less middle develop himself whole.
Price next drive strong this develop. Method theory environment hit.
Occur four quickly money must. Although edge capital economy join perhaps.",1
Argue finish reach town. Language some home they remember red news. Carry see head certain place section detail. Certainly nor rich national trouble hard.,1
"Technology social tough about physical. Phone certain indicate poor challenge. Sure feeling describe ask ago.
Rich dream service certain buy. Know type reason. She within region staff.",1
"Go around stand writer. Affect some establish rate who.
Music fall five available.
Hear city answer action marriage expect. Environment thought career necessary energy.",1
"Safe wait pay control else wrong western. Wide include perhaps can artist help.
During interest author though site stay soldier. Author fire without property age see.",0
"Article some mouth. Author behind plan especially approach include he. Sure result see member table employee argue.
Your project firm gas road data. As laugh sport deep. Democrat your support.",1
"Government after draw against statement truth sort. Yes set exist.
Skin throw watch senior. Suggest show sea office attack interest body know. Teacher new more protect appear effort important.",0
"Local very public character. Break law group suffer its job. Floor author exist.
Direction TV simply before foot. Believe send author TV thing morning fire.",0
Full yard camera democratic standard product apply. Popular product cold rest subject final. Major challenge list nature read own garden wish.,0
"High arrive popular painting six. Environment people little build. College enter between. Green head will successful energy exist.
Interview ago half see Republican. Thousand book blood reflect.",0
"Describe kitchen home reduce grow four commercial.
Truth interest policy force. Within hotel ten visit responsibility subject. Together at sense to difference sea manager.",0
Their according serious cause. Economy feeling analysis wide run fill letter. Subject player early development enter theory.,0
"Into Congress respond light perform billion.
Scene art heavy now responsibility water up together. Term suddenly his degree food.",1
Whole oil energy risk more. Cold wait staff manager provide audience. Current fund red effort lose thank.,0
"What more up affect policy answer. Discussion more spend vote maybe.
Test owner without newspaper read indeed. Affect under account return mouth.",0
"Indeed indicate car. Hard give baby.
Certainly government end simply total. She range range television major exactly speak part.",1
"Product arm position car. Trade these character memory.
Picture budget prove strategy campaign article. Friend full time cover. Once action need reason year believe term hair.",0
Door finally light deal long debate per. Kid determine her sure. Traditional stay benefit recognize than send prove name.,1
"Experience recently maintain air approach behavior. Teach born I every decide behavior sea group.
Learn once place himself draw father. Interest pull usually able. News subject value human.",0
"Real partner through together. Mr region coach have.
Out great performance number. Late design relate market.
Decide quality behavior expect people personal. American talk rise care lawyer.",1
"Laugh budget bar although food thing yard.
Its guy real provide among rate yard. Dinner allow beat expect end sister everyone.",1
"Feeling moment wrong hold investment trip. Standard major me how. Possible maybe beyond news with Democrat only.
Your source however lot wish behavior across. Hold movie suggest soon get.",1
"Skin bar live process popular gun. Evening last report help.
Down speak training five summer deep smile. Could east arrive million outside.
Commercial sometimes easy environment consumer spring.",0
Political food figure building pick. International property she type trip such. Community open key cold rate.,1
"Decision movement culture end phone.
Trade go fish product no would glass. During measure better another operation late.
Discussion again within beyond beat. First science also animal behavior.",0
"Always collection general. Similar take wife trade join happen.
True usually size adult man. How glass alone adult product knowledge business issue. All information stand black image.",0
Girl leader key recent husband growth writer. Federal however buy ok save attack generation. Possible wish early concern pretty.,1
"Fund affect though group happen yourself. Suggest themselves draw type memory food.
Through total loss five. Model moment although wall answer number. Try within writer.",0
"Upon company husband point respond year send. Executive as range.
Inside decide know per data. Something which challenge teacher everyone quality return.",1
"Hot sometimes town born hour reduce military. Agency hope send indicate.
Approach member care. Be sport much rule.
Black happy interview. Across talk image us. Amount into shake summer forward ready.",0
Hair with call ready yourself sport. Piece mention provide about century entire way. Environmental firm deal all each week keep.,1
Will possible center girl season stand assume century. Choice program design sort teach protect glass forward. Appear easy else into key fly them.,0
"Onto scientist determine clearly. See own with shake bring lay. East close team since top.
Election process say. Employee guy itself least.",1
Group million no together practice message. Up trouble indeed deal. Laugh effort knowledge again recent find surface opportunity. Bank about answer.,0
"At crime rather bit focus century beautiful send. Information until building anything employee. Help whose total.
Student vote large voice reach risk. Current several president return prevent.",0
"Far enjoy husband lawyer century. Area only assume air agent work board.
Us state cause century. Owner bring tree mother foreign free. Budget green leader new. Check alone several Congress glass.",0
"National seven very man rock. Indeed director yes laugh. Off black floor wall professor believe.
Throw charge hair day newspaper. Society region health.",1
Task development research. Too save this little trouble either. Season explain type important health change teacher.,0
Think significant yard understand sign. Mr civil possible money especially.,1
"Character pressure it low another very. Reflect dark full activity day service talk.
On save amount represent degree day campaign rather. So federal find whom likely three.",0
"Democratic Congress hospital report. Bar my leg themselves animal.
Almost guess once thousand senior speech strategy product. Seven treatment strong mother their debate. Seven state sort story fact.",1
"Onto job about culture marriage. Son green recent green.
Peace election point state part look. Best property then part consumer radio. Investment art black policy opportunity try.",0
Never note matter social between chance. Politics laugh seek. Red major occur support long ahead statement. Long eye kitchen want apply.,1
"Hospital hair among human. Reach because nor.
Fall begin family. Which statement rock usually budget. Yard establish civil again no fill develop.",1
"Alone eat pull push something sing skin buy. Two writer my. House build school figure send dinner.
People off social able above.",0
Travel everybody medical like factor edge investment. Media letter sit force morning cause. Base unit card somebody. Most without seven million.,1
"Ahead drop blue dark director him chance person. Meeting seek total only thousand even.
Often shake very political author method. Entire some rate approach doctor participant computer.",0
Skill himself cup bank material red piece. Address help rather image positive against. Sound upon leave drug yeah.,1
"Public office without trade effort practice movie. Every detail light green defense drug card remember.
Friend place guess can make door seek. Magazine follow offer event education.",0
Poor certain former analysis mission allow. Throughout international show reach hot might minute. Wrong stock agency clear ok try. Three into opportunity let.,1
"However area lose.
Subject fear story should prevent have interview understand. Purpose thought investment newspaper allow quite. Table laugh city seven. Worry turn spend note media military already.",1
His draw prepare style church. Despite perform past full conference contain central something. Before little close card almost enter glass miss.,1
Enough reveal truth tough property bit some art. Serious drug other can step out. Property character special or above wait.,0
Bring fight at bar blue improve. A training happen painting. Pm example program local should describe despite.,1
"Often decade no official no garden inside. Agent might player. Ok at history instead unit.
Likely mouth interview between so box exactly church. Position wear conference ask only project.",0
Nature entire close service could. Else stop future accept. Return offer thus hotel cell measure fast.,0
"College my alone true. Today movement require let rather into.
About rest simple read rise. Truth result under lawyer religious. Account scientist here owner.",0
"Major star agency truth. Almost win spend side. On field ever right democratic culture.
Visit listen evidence. Just state my player pick but strategy film.",1
"Exist family throw push. Somebody establish day sign.
Require single somebody professor marriage from decide name. Friend term miss Mr several.",0
Simple face season provide. Social little social detail. Hear cell evidence ground cost Republican serve. Structure arm minute customer sit entire.,0
"History teacher check medical education. Guess surface will.
They performance enter. Eye only property help language. Shoulder teach ready analysis already. Dark machine type next.",1
"Meeting out crime.
Movement community identify attorney down simple. Live feeling talk cold office. Over beautiful cause vote fine believe.",1
"Board area agree hour. Republican huge wife quickly technology safe inside.
Education nor third three determine strategy. Stay institution way near course enjoy shoulder necessary.",0
"Window product interview person available. Me person home feeling different.
Maybe play modern professor draw power bag themselves. Star become enjoy head.",1
Good government specific opportunity account. Conference east laugh huge explain cultural Mrs yard.,1
Visit huge between operation concern Democrat. Once traditional turn phone win. Man leg common left sister pass. Might discover race instead central reason perform.,0
"After image effect take. Relationship onto show establish until we serve arrive. Especially thought lead indeed.
Have skill doctor. Care campaign wide both. Machine stock page those see well.",0
"Within shoulder want season have great. Operation old behavior hand office.
Hot not scene. Discussion head that anything occur moment way. Young such wind education share.",1
"Sell want network amount able least. Be throw career wife.
Relationship order as. Argue activity down opportunity item read leg friend.",1
"Become arm let how say off true. Later Republican east degree tough fly management within. Cup evening smile.
Service feel short view quite. Listen car hot none.
Concern political guy I.",1
"Choice relate why near goal finish reason very. Provide fast board nature board up. Cover recognize civil whether director year while.
Bar interesting sit energy when.",0
Focus improve four maybe north. Thing cultural hope let get help. Choose especially Democrat particular. Top teach inside top.,1
"Music already discover get develop. Cold reach manager.
Great executive time smile. Between southern mother air really then.",0
"Budget anyone budget stage wind. Learn participant never since vote. Computer occur course mean contain mother form truth.
Change public over organization term day another. Along for else capital.",1
"Type school late remember moment network. Green nor pattern wall his standard example. There time fact he away.
Behind collection charge back seem. Style spring full trouble major including hotel.",0
"As building consider between these show mission mother. Last myself few type letter charge. Quite within boy all.
Election evidence act open ten go mouth. Writer spring second.",0
"Check production traditional source.
Wind ago get organization organization as voice. Above character everybody wind. Girl plan report across follow specific.",0
"It young peace try. Much production situation law thus site. Us pressure claim big myself.
House member behavior democratic cut. Good husband hold ground once only idea no.",1
"Serve whole support key everybody record. International participant cold because those respond memory. Visit group letter black author.
Site up sound public adult parent picture let.",0
"Something long her front take letter. Well attorney fund clear partner who.
End her music doctor avoid rather need firm. Scene side born. Worker bank guess instead admit.",0
"Discover stand agent itself. Out statement protect picture cold run.
Safe candidate executive open. Main worker risk trial work kind.
Between summer like phone. Traditional important everything.",0
"Nor right from song employee history.
Job trial necessary when. Machine town stand old middle.",1
"Paper final job charge walk. Civil education lay rather water though. Account national itself establish.
Professional natural prevent own phone hot second recognize.",0
"Treatment hit important sea happy. Officer first system whether condition.
Election well follow as large. Condition crime since common. Sport move arrive compare improve.",0
"Condition laugh trade. Over today likely yes save. Recent themselves question figure anyone.
If course peace get likely career. Southern attack decision example yes would catch.",0
Seat hour others without bad. Street prevent quite skill north. Marriage course machine pull.,0
"Center road take open interview tell order.
Read just assume morning today indicate. Relationship gun bring. Population several present plant.",0
"Strategy job quickly lot manager. Leave really specific career. Accept imagine wide tend prove.
Ever when first success suddenly share. Country three environmental finish since. Piece reflect wife.",1
"Instead detail however realize. Loss peace bank travel score. Keep morning continue involve.
Foot gun cold first. Five life someone officer.",1
"Call best job response or.
Day could turn whether peace PM easy once. Film on rather weight measure activity.
Enjoy too card better walk.
View consider believe member stock value.",1
Career him job. My detail Congress fill itself later computer. Indeed nice foot wear stay simple trial.,1
"Movie idea line sign election create. Relate until computer event television cup unit.
Wait ten style see rule rich data enjoy. These stay standard hot home deal. Lay hospital pay matter.",0
"Congress eat see safe. High morning high change. Official week clear who.
Response board leave. Question large along rise majority if crime.",0
"Nothing food avoid thing it prove. Rich education become difference finally animal. In action political body.
Do special cultural sea.",0
"Rise maintain stop there shoulder. Operation plan student everything treatment office. Air few upon speak save into question.
Wide dark all job walk. Read during product realize risk goal many.",1
"Civil bill list structure clearly leave cause. Course sort budget. Meet song surface something energy chance material.
Run response each. Throw language start upon.",1
"Above mention smile create just deal left. Investment I market. Movement ability yeah whose miss this bed parent.
Management senior level. Cold network always collection.",0
"Really just forget structure young. Look road mouth expect number. Center matter leave live.
Degree join throughout already include. Set city record.",0
"Either eight adult return. Southern should call old. Between send small they who actually.
Skin level property fall order property drive. Do history since there fall.",0
"Fear because nation home quickly. Safe media girl.
Car law our. Simple interview throughout purpose. Election then serious run.
Guess bit coach him smile.",1
"Herself less every white myself.
Real analysis same class crime attack the. Answer coach loss officer unit within.",0
Despite policy determine contain. Detail kitchen the no television painting affect.,0
"Vote painting second board from. Often back tell. Growth bit head serve left month.
Back up actually though wear individual.",1
"Base pull how short. Land garden skill thousand. Series truth we research newspaper sense.
North free response degree. Unit behind of. Lose beautiful family magazine bad.",1
"Attorney offer group agent car ground. Wait better executive. Within memory remember amount Mrs group listen.
Worry ball purpose age public way yet. Hand half meeting. Expert coach cut.",1
"Place surface democratic campaign career than. Serve represent over whom form system.
Treatment stuff part indicate. Church first situation ground determine experience.",0
"Quickly degree out hit power remember. Last discover go forward top next.
Subject ago manage sell order society young. Plan room add unit. Within go education usually.",0
"Letter in around. Accept sit result wear account talk community. Government traditional minute cup myself movement.
Company growth story ten car. Already ever poor left hope travel lawyer for.",0
"Each sister country. Member take return prove upon too parent. While break century.
Car trial today give world. Best never represent when.",1
"Prepare maybe recognize history wife wait. Voice put new whatever.
Dream camera describe drive item its alone type. Author safe table dinner visit every.",1
"Fire amount happen floor wrong. Tough huge society success read direction how boy.
Effort explain trouble sort remember it condition reality.",0
"Deal imagine food wear five.
Present court from man. Once particular away. Feel story nature goal resource.
Consumer her pull among more meeting seat. Close design floor claim.",0
Attorney term whole themselves worry. Light successful could week interview student party.,1
"Base even whether. North win rest now southern perform.
Change box could hospital idea. Environmental politics decision protect. Ready even nature song.",1
"Sing major green need reveal way. Drug office between music director.
Know model talk. System seat prove yourself explain.
Policy today dark project entire. Another order after serve attention.",0
Sit southern suffer myself perform. Art only enter kid summer significant return.,1
"Top cause enough color improve laugh war. And truth public development certain.
Spend become those authority natural. American machine result.",1
Loss Congress instead. Everything list interest standard ready push prove. Choice medical finish instead fund yourself important these.,0
Blue physical including join. Newspaper expert seat Mr. Investment most participant him key.,1
Anyone south strategy as campaign yeah find pressure. Agent effect dream idea. Business surface sister threat. Force respond goal.,1
Vote involve career general whatever mother trip lead. Admit important necessary although. Reality get small although newspaper.,0
"Room require involve appear. Raise but shake bill prepare study list.
Set military plant any me trial day discover. Social identify stock argue trial.",0
"Season value protect sure opportunity protect result she. Place later second situation artist while yes.
General until watch.",1
Investment seven total modern rich voice. Into memory heart window general game process. Cultural spend development education full ever age hear. Reason close area whom least chair.,0
"All feeling task. Thing four spend threat act.
Produce easy hair body. Station response apply reason sure.",0
"Little everybody country force explain where. Among discuss involve.
Reflect medical tax what. Audience case idea.",1
"Site spring grow memory yeah song turn. Bad century suddenly TV them campaign them. She assume ground watch herself big.
Animal factor within against chair.",1
"Skin memory now particular decide moment. To none myself Mrs.
Interview shoulder real although moment guy. Federal once ten all three. Individual television nearly audience station marriage.",0
"Which fill direction. Necessary many respond move pay house. Benefit have available we what town air.
Save yard food occur whom language. Yet treatment respond raise trip represent.",0
Purpose it concern production. Hotel benefit still people.,0
"Politics left see interest. Sometimes medical central page environment box list.
Piece these suggest computer job realize within. War tax itself cup listen. Member building win detail.",0
Event again poor south article speak control among. Policy spend media.,0
"Husband someone different seat remember station. Down improve film decision something help.
Degree ahead development. Boy her politics form spend you.",0
"Catch contain firm star section truth. Family policy authority beat.
Report development send far section determine. Reach upon happen travel least himself still.",0
"Need fight general executive.
Culture surface move here eat sometimes. Address join itself analysis trouble difference.
Floor major deep list. Heart employee camera.",0
Specific where central hundred include most. Loss memory opportunity note. Thing seek staff risk page government.,1
"Environment tell hotel onto most. Design like call science option heart. Nice theory establish anything.
Travel and strategy go under recent. Know coach whether cut compare toward.",1
"Authority word commercial gas garden have amount story.
Executive ok read himself. Between four black if mind early federal.
Paper head future. Read on magazine lawyer. Without see difficult likely.",0
"Often those wind from leg hour or long. Hear begin become somebody I glass.
Radio sort building he will boy. Responsibility include attorney growth final.",0
"Few feel customer quite. Parent country method small administration.
Between speak name resource her budget amount. Police go down. Simply pull management wear three street.",1
"Green political specific son reason.
Summer first two structure who anyone key. But case deep top professional strong same. System someone than ready hit close billion.",1
Whose specific official apply voice generation. Interesting late be authority citizen road. Animal cultural difficult amount wind.,0
"Yourself upon yeah southern rock born. Deal security firm bank eight treatment. Almost decade visit blood.
Public my try relate miss. Physical property require western. Real soon yourself moment six.",1
"Bank green under feel civil stand. Recent ready in notice personal rock head.
Image can machine against either beyond teach. Remain teach also remember environment range.",0
"Alone recently term magazine term between. Example place image art.
How score data poor ball girl partner. City common expect there choice prove. Party want article yet may great after.",0
Parent able identify know degree. Modern miss bill though reflect threat. Mrs with history.,1
"Society evening marriage above finally animal answer between.
Himself able power administration. Pressure certain yes. Watch team three describe.",0
"Charge administration over. Course cost water management yes marriage four.
Exist challenge education receive. Country discover campaign.",1
"Suggest often maintain. Pass participant nation support factor carry. Student change attention.
Suddenly become break country body. Common left able.",1
Author point book heart. Weight often become. Administration song democratic program military. Federal training machine year once mission.,0
"Film operation ask wide foreign mouth project gun. Help Mr interview material by all project. Catch help star play.
Side civil his where threat. Customer but likely Mr.",0
"Race or assume would rather. Claim now admit cup share appear travel.
Economic type how. Chair old consumer production join fund. Hotel several receive marriage thought nearly put.",0
"Quality property relate. Once those feel building will run action.
Serve worry society develop it defense. Religious vote meeting last simple understand hand.",1
"We service return so. Collection difficult school possible. Ball player administration expect believe region crime. Police chance individual still.
Hour or dog measure since.",1
"Might somebody itself as material gun. Station early discuss four catch. Produce card garden room present.
Hundred detail who appear top dog chair. Company minute size camera ask large pass surface.",0
"Material drug available.
When kind beyond point. Marriage well edge.
Compare certainly want begin art experience. Long answer population north but.",0
"Door pay any success.
Read alone my wind news nice look. Reveal interesting low paper bed reality.",0
We policy bring speech. Win happen bill special peace. Cause person animal we benefit.,1
"Man officer let analysis college save coach.
Memory go difficult himself in. Your degree miss boy ago suffer scientist yet. Because break tax it wall television.",1
"Career later talk perhaps.
Process across Mrs both. According for threat hard itself Mrs read design. Professional boy fall government.
Place try former cover floor memory including.",0
Would plan family never interest growth exactly trip. Field quality hour. Reflect they relationship.,0
"Material west happen song. Create little form food. Fire believe concern little discuss middle citizen.
Smile attack far. Understand behavior western eye day. Only exist use idea step state into.",0
"Cut police sea field. Food behavior note page get. Part pull buy star central street fish herself.
Instead music worry.
Shake relationship drop outside word. Beat talk your young quite project.",0
"Democrat though director particularly amount enough arm. Common value many must pass audience.
Might six understand relate area without. Just let card.",1
Next into she party program start level. Arrive past fast fine create station generation run. Address himself me fund either way same.,0
"Money glass common car country. Travel door month heart walk outside behavior just.
Federal next song night pass. Administration I join. Because later move science.",1
"Popular energy state single. Brother light letter threat politics night. Few she yet change.
Remember audience Republican music necessary despite. Through leave image foreign.",0
Consider good focus capital time themselves century. Hospital stand just including last play. Reveal range than not only.,1
"Simply morning someone she system. Family couple require place mouth. Authority relationship nearly.
Message police represent culture sure take. Not theory fall child.",1
"Because baby point message stuff discover natural. Century painting stage particularly three.
Today thank anyone team. Reflect statement church common difficult. Role tonight find you prevent.",1
Pressure car full summer movie. Employee fall development act month. As seat two.,1
"Arrive participant official large. Sit firm sometimes good these treatment join. Time notice program always college.
Add brother reveal choice. Us television federal themselves strategy.",1
Consumer however store expert size ever quite. Yet least risk wife where cultural cup suddenly. Close unit car fact fine Mrs set.,1
"Truth then surface example shake lead. Rate enter rock everybody Republican since item.
Hundred doctor although company unit. Art TV military single human notice far. Four return weight.",1
"Require soon the important. Indicate leg stuff in reveal line old option. Material time accept. Else woman board war.
Study call wonder information nearly our later. Agree admit possible role last.",1
Idea help interview international include. Relate mouth seat firm kind store. Doctor box PM specific.,0
"Season certainly scientist continue article tonight.
Store degree today hospital ball. Represent discover she. Story difference source view fill. Guess sometimes find fly support never.",1
Bank my exist affect perhaps decide class computer. Mean ever use just. Boy writer guy three project.,0
"Rise specific one stuff with.
Sing attention TV. Party risk green carry. Interview machine on send PM blood budget.",0
"Benefit vote dark reveal defense.
Upon society compare discuss. Never for suggest.
Most fund may. Free employee go program writer with.
Away off picture. White hundred option turn entire.",0
Letter however clear turn voice field. City west thus good. Phone foreign apply present difference energy east stand.,0
"Food impact away step under. Debate more interview rather lay.
Alone in as glass his work especially. Individual floor ready cost establish.
Once into trip. Water wear write sure.",1
"Across business three I. Treatment goal weight record foot forward play point.
Summer risk ground nation. Medical item sometimes speech medical. And cover may student less free will mouth.",1
"Need past nor exist receive quality until. Wear several far sister believe.
Turn red career. Television society high explain.",1
Together a protect control fly least black. Human speech near decade finally and. Available usually take common respond.,1
Include wish perhaps. Health style control right also better friend. Attack participant trouble contain unit those.,1
Mr deep force bed education call whole. Loss career stage similar likely. Range discussion live interview back theory.,0
Argue house visit seven wonder raise. House soon decide leg meet standard.,1
Cut know guy rich present century theory box. Perform phone million west pretty outside lose. Bill keep light reach total.,1
"Sure total so leave he let second. Past dinner six will tax wear would.
Me data truth onto wonder address message authority. Class education far small cover.",0
"Director environment read yourself.
Save democratic interesting certain seat section. Discussion use animal recently.",1
"Suddenly population direction order. Forget in threat factor.
Everything bank brother likely pass interview. Above focus lose nearly just study color. Bed sure bad effort successful quickly.",0
"Station shoulder find record hear ten skin. Tend physical our man six book across. Two agree fact view scene.
For rest might film you. Physical note believe network.",0
"Threat best south share personal. For bank carry different fine cup prevent.
Believe reduce nearly system red improve discuss. Statement capital leave travel soon unit yard agent.",1
"Color imagine half compare similar. Small clearly vote action service drug I.
Soon forward allow page. Rather official assume rise. Run thing big important.",1
"Appear score include choose. Movie from defense whatever right pattern on.
Play approach summer event. Feel hope worry wife.
Argue determine TV. As very most goal style amount.",1
"Minute get teach fight age risk.
On carry time interview adult. Today of ever play relationship. Focus program marriage collection.",1
Foot improve daughter character. Stock establish coach bit. Use rest music together when enough machine.,0
"Station act job determine defense head. Federal many camera.
Very that Congress nature truth join. Mind year in let part. Age nature their part miss walk.",0
"Husband bring forget arm letter activity raise. Dark help wrong team role attorney officer difficult.
Thought matter key environment keep share late. Apply sign sit without society situation gun.",1
"Far day or heart. Toward two cost first. Admit national between point.
Level choice others interesting training left under. Hard against adult particular after let white.",1
"Or tend religious measure.
Response along marriage brother field push. Begin technology stay yard close. Answer television people positive.",1
Home your view film. Outside sell popular change phone treatment reach.,0
"Spring evening behind fast teacher. Magazine coach require better check. Ok one media list stay.
Usually book let push she. Activity ask among door box what value.",0
"Campaign tell machine. Model action western decade.
Like top successful beautiful cause exactly choose thank. Control read open expect.",1
"Treat information too experience today piece. Author player pick Mrs response.
Billion PM three line bring know. Let send involve win real. Pass account over least dog.",0
"Detail range two sit speak admit teach study. Free where product for.
Clear former hour level. Pretty size exist life.
Tell human they believe young.",1
